{
  "account": "root1",
  "alarmLabel": [
    "0201"
  ],
  "bindingVariables": [],
  "clientApp": "jdbc",
  "clientHost": "192.168.10.16",
  "clientIp": "192.168.11.22",
  "clientMac": "0A:C3:E6:C3:D2:E6",
  "clientPort": 8006,
  "eventType": 1,
  "executeTime": 1899,
  "firstId": 26,
  "flowLabel": [
    "02010101"
  ],
  "instanceName": "DataBaseB",
  "matchedRules": [],
  "operandName": [],
  "operationCommand": "LOGOUT",
  "operationType": 1,
  "osUserName": "zhaozhenbing",
  "reply": [],
  "requestStatus": 1803,
  "requestTime": 1621242911082,
  "requestTimeUsec": 2040238,
  "riskLabelAi": 4,
  "secondId": 39,
  "secondOperandName": [],
  "sensitiveColumns": [],
  "sensitiveTables": [],
  "serverIp": "192.168.10.10",
  "serverMac": "00:E6:C3:C3:22:E6",
  "serverPort": 4004,
  "sessionId": 137326112
}